id;login;password_hash;first_name;last_name;email;image_url;activated;lang_key;created_by;last_modified_by
1;system;$2a$10$mE.qmcV0mFU5NcKh73TZx.z4ueI/.bDWbj0T1BYyqP481kGGarKLG;System;System;system@localhost;;true;en;system;system
2;anonymoususer;$2a$10$j8S5d7Sr7.8VTOYNviDPOeWX8KcYILUVJBsYV83Y5NtECayypx9lO;Anonymous;User;anonymous@localhost;;true;en;system;system
3;admin;$2a$10$gSAhZrxMllrbgj/kkK9UceBPpChGWJA7SYIb1Mqo.n5aNLq1/oRrC;Administrator;Administrator;admin@localhost;;true;en;system;system
4;kling.jacky;$2a$10$VEjxo0jq2YG9Rbk2HmX9S.k1uZBGYUHdUcid3g/vfiEl7lwWgOH/K;Adah;Brandt;retta34@hotmail.com;;true;en;system;system
5;lane65;$2a$10$VEjxo0jq2YG9Rbk2HmX9S.k1uZBGYUHdUcid3g/vfiEl7lwWgOH/K;Gordon;Weber;ijohnson@hamill.com;;true;en;system;system
6;obins;$2a$10$VEjxo0jq2YG9Rbk2HmX9S.k1uZBGYUHdUcid3g/vfiEl7lwWgOH/K;Kelley;Reichel;howe.mariano@yahoo.com;;true;en;system;system
7;heloise.littel;$2a$10$VEjxo0jq2YG9Rbk2HmX9S.k1uZBGYUHdUcid3g/vfiEl7lwWgOH/K;Geovanny;Lind;carter.stephanie@jast.com;;true;en;system;system
8;htillman;$2a$10$VEjxo0jq2YG9Rbk2HmX9S.k1uZBGYUHdUcid3g/vfiEl7lwWgOH/K;Teresa;Bins;rau.camden@ledner.com;;true;en;system;system
9;xsimonis;$2a$10$VEjxo0jq2YG9Rbk2HmX9S.k1uZBGYUHdUcid3g/vfiEl7lwWgOH/K;Hillary;Morar;ffadel@hotmail.com;;true;en;system;system
10;kennedy05;$2a$10$VEjxo0jq2YG9Rbk2HmX9S.k1uZBGYUHdUcid3g/vfiEl7lwWgOH/K;Fleta;Wolff;jenkins.aletha@flatley.biz;;true;en;system;system
11;pablo;$2a$10$VEjxo0jq2YG9Rbk2HmX9S.k1uZBGYUHdUcid3g/vfiEl7lwWgOH/K;Pablo;Olse;p.olse@flatley.biz;;true;en;system;system
12;anne;$2a$10$VEjxo0jq2YG9Rbk2HmX9S.k1uZBGYUHdUcid3g/vfiEl7lwWgOH/K;Anne;Isi;anne.isi@hostmail.com;;true;en;system;system
13;adrien;$2a$10$VEjxo0jq2YG9Rbk2HmX9S.k1uZBGYUHdUcid3g/vfiEl7lwWgOH/K;Adrien;sauce;a.sauce@gmail.com;;true;en;system;system

